"Benchmark","Mode","Threads","Samples","Score","Score Error (99.9%)","Unit","Param: algo","Param: length"
"au.com.acegi.hashbench.HashBench.withArray","avgt",1,10,53.687740,1.316231,"ns/op",adler32-jre,32
"au.com.acegi.hashbench.HashBench.withArray","avgt",1,10,84.127674,1.954820,"ns/op",adler32-jre,128
"au.com.acegi.hashbench.HashBench.withArray","avgt",1,10,208.548364,6.322507,"ns/op",adler32-jre,512
"au.com.acegi.hashbench.HashBench.withArray","avgt",1,10,709.262811,17.293875,"ns/op",adler32-jre,2048
"au.com.acegi.hashbench.HashBench.withArray","avgt",1,10,2784.946087,7.722296,"ns/op",adler32-jre,8192
"au.com.acegi.hashbench.HashBench.withArray","avgt",1,10,5517.812427,13.846977,"ns/op",adler32-jre,16384
"au.com.acegi.hashbench.HashBench.withArray","avgt",1,10,11114.580450,32.182554,"ns/op",adler32-jre,32768
"au.com.acegi.hashbench.HashBench.withArray","avgt",1,10,46.249007,20.605772,"ns/op",crc32-jre,32
"au.com.acegi.hashbench.HashBench.withArray","avgt",1,10,64.757482,27.570240,"ns/op",crc32-jre,128
"au.com.acegi.hashbench.HashBench.withArray","avgt",1,10,87.208768,21.033358,"ns/op",crc32-jre,512
"au.com.acegi.hashbench.HashBench.withArray","avgt",1,10,201.139532,5.484154,"ns/op",crc32-jre,2048
"au.com.acegi.hashbench.HashBench.withArray","avgt",1,10,631.240662,21.698728,"ns/op",crc32-jre,8192
"au.com.acegi.hashbench.HashBench.withArray","avgt",1,10,1217.229126,7.507289,"ns/op",crc32-jre,16384
"au.com.acegi.hashbench.HashBench.withArray","avgt",1,10,2401.528226,14.883475,"ns/op",crc32-jre,32768
"au.com.acegi.hashbench.HashBench.withArray","avgt",1,10,70.228312,7.505274,"ns/op",adler32-guava,32
"au.com.acegi.hashbench.HashBench.withArray","avgt",1,10,99.961990,5.538684,"ns/op",adler32-guava,128
"au.com.acegi.hashbench.HashBench.withArray","avgt",1,10,222.250599,13.181766,"ns/op",adler32-guava,512
"au.com.acegi.hashbench.HashBench.withArray","avgt",1,10,723.927349,23.771862,"ns/op",adler32-guava,2048
"au.com.acegi.hashbench.HashBench.withArray","avgt",1,10,2804.917773,67.092472,"ns/op",adler32-guava,8192
"au.com.acegi.hashbench.HashBench.withArray","avgt",1,10,5540.595227,16.403106,"ns/op",adler32-guava,16384
"au.com.acegi.hashbench.HashBench.withArray","avgt",1,10,11146.871388,52.702850,"ns/op",adler32-guava,32768
"au.com.acegi.hashbench.HashBench.withArray","avgt",1,10,78.337958,6.879633,"ns/op",crc32-guava-delegating,32
"au.com.acegi.hashbench.HashBench.withArray","avgt",1,10,95.486455,5.246909,"ns/op",crc32-guava-delegating,128
"au.com.acegi.hashbench.HashBench.withArray","avgt",1,10,117.734924,7.904518,"ns/op",crc32-guava-delegating,512
"au.com.acegi.hashbench.HashBench.withArray","avgt",1,10,220.451246,0.853915,"ns/op",crc32-guava-delegating,2048
"au.com.acegi.hashbench.HashBench.withArray","avgt",1,10,660.232137,12.564377,"ns/op",crc32-guava-delegating,8192
"au.com.acegi.hashbench.HashBench.withArray","avgt",1,10,1239.014786,32.282288,"ns/op",crc32-guava-delegating,16384
"au.com.acegi.hashbench.HashBench.withArray","avgt",1,10,2423.860972,63.845638,"ns/op",crc32-guava-delegating,32768
"au.com.acegi.hashbench.HashBench.withArray","avgt",1,10,86.610668,4.744095,"ns/op",crc32-guava-rfc3720,32
"au.com.acegi.hashbench.HashBench.withArray","avgt",1,10,306.437899,1.476007,"ns/op",crc32-guava-rfc3720,128
"au.com.acegi.hashbench.HashBench.withArray","avgt",1,10,1189.270776,4.154915,"ns/op",crc32-guava-rfc3720,512
"au.com.acegi.hashbench.HashBench.withArray","avgt",1,10,4736.432035,105.578255,"ns/op",crc32-guava-rfc3720,2048
"au.com.acegi.hashbench.HashBench.withArray","avgt",1,10,18913.402130,435.826713,"ns/op",crc32-guava-rfc3720,8192
"au.com.acegi.hashbench.HashBench.withArray","avgt",1,10,37966.507010,203.394883,"ns/op",crc32-guava-rfc3720,16384
"au.com.acegi.hashbench.HashBench.withArray","avgt",1,10,76643.879868,2273.881187,"ns/op",crc32-guava-rfc3720,32768
"au.com.acegi.hashbench.HashBench.withArray","avgt",1,10,73.903763,18.583644,"ns/op",gfh32-guava,32
"au.com.acegi.hashbench.HashBench.withArray","avgt",1,10,171.159509,3.846854,"ns/op",gfh32-guava,128
"au.com.acegi.hashbench.HashBench.withArray","avgt",1,10,581.854421,20.683428,"ns/op",gfh32-guava,512
"au.com.acegi.hashbench.HashBench.withArray","avgt",1,10,1935.852081,141.226007,"ns/op",gfh32-guava,2048
"au.com.acegi.hashbench.HashBench.withArray","avgt",1,10,7401.251901,171.185489,"ns/op",gfh32-guava,8192
"au.com.acegi.hashbench.HashBench.withArray","avgt",1,10,14776.562413,351.742477,"ns/op",gfh32-guava,16384
"au.com.acegi.hashbench.HashBench.withArray","avgt",1,10,30944.669084,705.715221,"ns/op",gfh32-guava,32768
"au.com.acegi.hashbench.HashBench.withArray","avgt",1,10,113.700324,51.690729,"ns/op",gfh64-guava,32
"au.com.acegi.hashbench.HashBench.withArray","avgt",1,10,204.238034,22.198747,"ns/op",gfh64-guava,128
"au.com.acegi.hashbench.HashBench.withArray","avgt",1,10,404.987602,63.665036,"ns/op",gfh64-guava,512
"au.com.acegi.hashbench.HashBench.withArray","avgt",1,10,1367.233545,65.149207,"ns/op",gfh64-guava,2048
"au.com.acegi.hashbench.HashBench.withArray","avgt",1,10,5473.728646,323.299382,"ns/op",gfh64-guava,8192
"au.com.acegi.hashbench.HashBench.withArray","avgt",1,10,10864.269153,32.052111,"ns/op",gfh64-guava,16384
"au.com.acegi.hashbench.HashBench.withArray","avgt",1,10,21034.984621,1040.820105,"ns/op",gfh64-guava,32768
"au.com.acegi.hashbench.HashBench.withArray","avgt",1,10,256.252213,15.639682,"ns/op",md5-guava,32
"au.com.acegi.hashbench.HashBench.withArray","avgt",1,10,562.783425,27.686278,"ns/op",md5-guava,128
"au.com.acegi.hashbench.HashBench.withArray","avgt",1,10,1501.076117,71.483600,"ns/op",md5-guava,512
"au.com.acegi.hashbench.HashBench.withArray","avgt",1,10,5218.219373,135.396713,"ns/op",md5-guava,2048
"au.com.acegi.hashbench.HashBench.withArray","avgt",1,10,20021.580078,76.344511,"ns/op",md5-guava,8192
"au.com.acegi.hashbench.HashBench.withArray","avgt",1,10,39809.363340,171.648539,"ns/op",md5-guava,16384
"au.com.acegi.hashbench.HashBench.withArray","avgt",1,10,79387.514922,207.111300,"ns/op",md5-guava,32768
"au.com.acegi.hashbench.HashBench.withArray","avgt",1,10,88.787669,8.451826,"ns/op",murmur3h32-guava,32
"au.com.acegi.hashbench.HashBench.withArray","avgt",1,10,175.429601,8.823401,"ns/op",murmur3h32-guava,128
"au.com.acegi.hashbench.HashBench.withArray","avgt",1,10,559.598425,27.855132,"ns/op",murmur3h32-guava,512
"au.com.acegi.hashbench.HashBench.withArray","avgt",1,10,1845.579809,6.025368,"ns/op",murmur3h32-guava,2048
"au.com.acegi.hashbench.HashBench.withArray","avgt",1,10,7351.259486,260.940698,"ns/op",murmur3h32-guava,8192
"au.com.acegi.hashbench.HashBench.withArray","avgt",1,10,14654.653613,23.769228,"ns/op",murmur3h32-guava,16384
"au.com.acegi.hashbench.HashBench.withArray","avgt",1,10,30678.507778,1014.627376,"ns/op",murmur3h32-guava,32768
"au.com.acegi.hashbench.HashBench.withArray","avgt",1,10,143.932781,20.874949,"ns/op",murmur3h128-guava,32
"au.com.acegi.hashbench.HashBench.withArray","avgt",1,10,169.072641,58.317111,"ns/op",murmur3h128-guava,128
"au.com.acegi.hashbench.HashBench.withArray","avgt",1,10,441.032576,10.675601,"ns/op",murmur3h128-guava,512
"au.com.acegi.hashbench.HashBench.withArray","avgt",1,10,1378.388178,112.000277,"ns/op",murmur3h128-guava,2048
"au.com.acegi.hashbench.HashBench.withArray","avgt",1,10,5447.569712,258.232965,"ns/op",murmur3h128-guava,8192
"au.com.acegi.hashbench.HashBench.withArray","avgt",1,10,10982.403323,215.789896,"ns/op",murmur3h128-guava,16384
"au.com.acegi.hashbench.HashBench.withArray","avgt",1,10,21659.369981,69.408522,"ns/op",murmur3h128-guava,32768
"au.com.acegi.hashbench.HashBench.withArray","avgt",1,10,373.647209,58.852707,"ns/op",sha1-guava,32
"au.com.acegi.hashbench.HashBench.withArray","avgt",1,10,821.405600,55.138046,"ns/op",sha1-guava,128
"au.com.acegi.hashbench.HashBench.withArray","avgt",1,10,2209.942315,38.259441,"ns/op",sha1-guava,512
"au.com.acegi.hashbench.HashBench.withArray","avgt",1,10,7817.532640,201.364559,"ns/op",sha1-guava,2048
"au.com.acegi.hashbench.HashBench.withArray","avgt",1,10,29980.574026,70.415385,"ns/op",sha1-guava,8192
"au.com.acegi.hashbench.HashBench.withArray","avgt",1,10,59549.879879,176.976759,"ns/op",sha1-guava,16384
"au.com.acegi.hashbench.HashBench.withArray","avgt",1,10,119280.120714,2763.599005,"ns/op",sha1-guava,32768
"au.com.acegi.hashbench.HashBench.withArray","avgt",1,10,474.348048,54.523808,"ns/op",sha256-guava,32
"au.com.acegi.hashbench.HashBench.withArray","avgt",1,10,1145.344054,63.293067,"ns/op",sha256-guava,128
"au.com.acegi.hashbench.HashBench.withArray","avgt",1,10,3143.110033,67.831389,"ns/op",sha256-guava,512
"au.com.acegi.hashbench.HashBench.withArray","avgt",1,10,11252.581079,318.229080,"ns/op",sha256-guava,2048
"au.com.acegi.hashbench.HashBench.withArray","avgt",1,10,43253.509883,50.196764,"ns/op",sha256-guava,8192
"au.com.acegi.hashbench.HashBench.withArray","avgt",1,10,86024.095974,227.703615,"ns/op",sha256-guava,16384
"au.com.acegi.hashbench.HashBench.withArray","avgt",1,10,171755.187559,417.694751,"ns/op",sha256-guava,32768
"au.com.acegi.hashbench.HashBench.withArray","avgt",1,10,783.414616,36.757513,"ns/op",sha384-guava,32
"au.com.acegi.hashbench.HashBench.withArray","avgt",1,10,1453.544450,75.089314,"ns/op",sha384-guava,128
"au.com.acegi.hashbench.HashBench.withArray","avgt",1,10,3030.320433,94.236798,"ns/op",sha384-guava,512
"au.com.acegi.hashbench.HashBench.withArray","avgt",1,10,9717.124088,22.844552,"ns/op",sha384-guava,2048
"au.com.acegi.hashbench.HashBench.withArray","avgt",1,10,36572.576490,130.146095,"ns/op",sha384-guava,8192
"au.com.acegi.hashbench.HashBench.withArray","avgt",1,10,72723.671380,1822.660732,"ns/op",sha384-guava,16384
"au.com.acegi.hashbench.HashBench.withArray","avgt",1,10,143940.847055,515.059449,"ns/op",sha384-guava,32768
"au.com.acegi.hashbench.HashBench.withArray","avgt",1,10,809.826353,78.070758,"ns/op",sha512-guava,32
"au.com.acegi.hashbench.HashBench.withArray","avgt",1,10,1359.388914,121.783754,"ns/op",sha512-guava,128
"au.com.acegi.hashbench.HashBench.withArray","avgt",1,10,3066.871178,128.034880,"ns/op",sha512-guava,512
"au.com.acegi.hashbench.HashBench.withArray","avgt",1,10,9774.716596,241.040360,"ns/op",sha512-guava,2048
"au.com.acegi.hashbench.HashBench.withArray","avgt",1,10,36603.590359,243.126264,"ns/op",sha512-guava,8192
"au.com.acegi.hashbench.HashBench.withArray","avgt",1,10,72751.827789,1356.037894,"ns/op",sha512-guava,16384
"au.com.acegi.hashbench.HashBench.withArray","avgt",1,10,145353.308216,4861.543088,"ns/op",sha512-guava,32768
"au.com.acegi.hashbench.HashBench.withArray","avgt",1,10,114.210181,14.116458,"ns/op",sip-guava,32
"au.com.acegi.hashbench.HashBench.withArray","avgt",1,10,245.128540,6.790630,"ns/op",sip-guava,128
"au.com.acegi.hashbench.HashBench.withArray","avgt",1,10,708.366884,2.299204,"ns/op",sip-guava,512
"au.com.acegi.hashbench.HashBench.withArray","avgt",1,10,2573.507175,39.263691,"ns/op",sip-guava,2048
"au.com.acegi.hashbench.HashBench.withArray","avgt",1,10,10633.811631,943.546547,"ns/op",sip-guava,8192
"au.com.acegi.hashbench.HashBench.withArray","avgt",1,10,20068.678521,72.934554,"ns/op",sip-guava,16384
"au.com.acegi.hashbench.HashBench.withArray","avgt",1,10,40254.575518,671.063577,"ns/op",sip-guava,32768
"au.com.acegi.hashbench.HashBench.withArray","avgt",1,10,42.020588,0.115920,"ns/op",xxh32-jpountz-jni,32
"au.com.acegi.hashbench.HashBench.withArray","avgt",1,10,55.155205,0.437554,"ns/op",xxh32-jpountz-jni,128
"au.com.acegi.hashbench.HashBench.withArray","avgt",1,10,109.334147,2.600648,"ns/op",xxh32-jpountz-jni,512
"au.com.acegi.hashbench.HashBench.withArray","avgt",1,10,330.130734,8.413544,"ns/op",xxh32-jpountz-jni,2048
"au.com.acegi.hashbench.HashBench.withArray","avgt",1,10,1193.147810,2.105674,"ns/op",xxh32-jpountz-jni,8192
"au.com.acegi.hashbench.HashBench.withArray","avgt",1,10,2345.265668,4.418256,"ns/op",xxh32-jpountz-jni,16384
"au.com.acegi.hashbench.HashBench.withArray","avgt",1,10,4657.270559,9.517842,"ns/op",xxh32-jpountz-jni,32768
"au.com.acegi.hashbench.HashBench.withArray","avgt",1,10,25.102526,0.821089,"ns/op",xxh32-jpountz-safe,32
"au.com.acegi.hashbench.HashBench.withArray","avgt",1,10,66.604318,0.186569,"ns/op",xxh32-jpountz-safe,128
"au.com.acegi.hashbench.HashBench.withArray","avgt",1,10,235.375356,1.197488,"ns/op",xxh32-jpountz-safe,512
"au.com.acegi.hashbench.HashBench.withArray","avgt",1,10,913.626016,3.815076,"ns/op",xxh32-jpountz-safe,2048
"au.com.acegi.hashbench.HashBench.withArray","avgt",1,10,3610.119868,12.844180,"ns/op",xxh32-jpountz-safe,8192
"au.com.acegi.hashbench.HashBench.withArray","avgt",1,10,7213.864906,34.571454,"ns/op",xxh32-jpountz-safe,16384
"au.com.acegi.hashbench.HashBench.withArray","avgt",1,10,14160.791893,60.305175,"ns/op",xxh32-jpountz-safe,32768
"au.com.acegi.hashbench.HashBench.withArray","avgt",1,10,14.377955,0.728243,"ns/op",xxh32-pountz-unsafe,32
"au.com.acegi.hashbench.HashBench.withArray","avgt",1,10,30.889040,0.056097,"ns/op",xxh32-pountz-unsafe,128
"au.com.acegi.hashbench.HashBench.withArray","avgt",1,10,102.600833,2.415483,"ns/op",xxh32-pountz-unsafe,512
"au.com.acegi.hashbench.HashBench.withArray","avgt",1,10,324.609765,6.072772,"ns/op",xxh32-pountz-unsafe,2048
"au.com.acegi.hashbench.HashBench.withArray","avgt",1,10,1218.069329,4.044330,"ns/op",xxh32-pountz-unsafe,8192
"au.com.acegi.hashbench.HashBench.withArray","avgt",1,10,2389.391166,13.668515,"ns/op",xxh32-pountz-unsafe,16384
"au.com.acegi.hashbench.HashBench.withArray","avgt",1,10,4800.621012,218.376112,"ns/op",xxh32-pountz-unsafe,32768
"au.com.acegi.hashbench.HashBench.withArray","avgt",1,10,44.132549,0.479410,"ns/op",xxh64-jpountz-jni,32
"au.com.acegi.hashbench.HashBench.withArray","avgt",1,10,50.222542,0.954517,"ns/op",xxh64-jpountz-jni,128
"au.com.acegi.hashbench.HashBench.withArray","avgt",1,10,78.290332,1.974700,"ns/op",xxh64-jpountz-jni,512
"au.com.acegi.hashbench.HashBench.withArray","avgt",1,10,216.954038,44.026026,"ns/op",xxh64-jpountz-jni,2048
"au.com.acegi.hashbench.HashBench.withArray","avgt",1,10,623.007512,1.375678,"ns/op",xxh64-jpountz-jni,8192
"au.com.acegi.hashbench.HashBench.withArray","avgt",1,10,1203.961338,4.247299,"ns/op",xxh64-jpountz-jni,16384
"au.com.acegi.hashbench.HashBench.withArray","avgt",1,10,2380.368762,8.713167,"ns/op",xxh64-jpountz-jni,32768
"au.com.acegi.hashbench.HashBench.withArray","avgt",1,10,28.635874,0.436473,"ns/op",xxh64-jpountz-safe,32
"au.com.acegi.hashbench.HashBench.withArray","avgt",1,10,78.353303,0.192894,"ns/op",xxh64-jpountz-safe,128
"au.com.acegi.hashbench.HashBench.withArray","avgt",1,10,262.961258,1.800438,"ns/op",xxh64-jpountz-safe,512
"au.com.acegi.hashbench.HashBench.withArray","avgt",1,10,1001.827271,16.073302,"ns/op",xxh64-jpountz-safe,2048
"au.com.acegi.hashbench.HashBench.withArray","avgt",1,10,3967.368084,19.727769,"ns/op",xxh64-jpountz-safe,8192
"au.com.acegi.hashbench.HashBench.withArray","avgt",1,10,7890.575561,87.953926,"ns/op",xxh64-jpountz-safe,16384
"au.com.acegi.hashbench.HashBench.withArray","avgt",1,10,15707.489944,319.851329,"ns/op",xxh64-jpountz-safe,32768
"au.com.acegi.hashbench.HashBench.withArray","avgt",1,10,16.376226,0.434361,"ns/op",xxh64-jpountz-unsafe,32
"au.com.acegi.hashbench.HashBench.withArray","avgt",1,10,27.067989,0.474047,"ns/op",xxh64-jpountz-unsafe,128
"au.com.acegi.hashbench.HashBench.withArray","avgt",1,10,67.403677,0.118149,"ns/op",xxh64-jpountz-unsafe,512
"au.com.acegi.hashbench.HashBench.withArray","avgt",1,10,207.346755,5.033108,"ns/op",xxh64-jpountz-unsafe,2048
"au.com.acegi.hashbench.HashBench.withArray","avgt",1,10,662.024637,1.032440,"ns/op",xxh64-jpountz-unsafe,8192
"au.com.acegi.hashbench.HashBench.withArray","avgt",1,10,1340.620136,26.061784,"ns/op",xxh64-jpountz-unsafe,16384
"au.com.acegi.hashbench.HashBench.withArray","avgt",1,10,2625.920260,12.464368,"ns/op",xxh64-jpountz-unsafe,32768
"au.com.acegi.hashbench.HashBench.withArray","avgt",1,10,115.911599,15.633738,"ns/op",sip-fwdeng,32
"au.com.acegi.hashbench.HashBench.withArray","avgt",1,10,351.891534,13.526445,"ns/op",sip-fwdeng,128
"au.com.acegi.hashbench.HashBench.withArray","avgt",1,10,1290.066697,43.320869,"ns/op",sip-fwdeng,512
"au.com.acegi.hashbench.HashBench.withArray","avgt",1,10,6163.853022,93.491675,"ns/op",sip-fwdeng,2048
"au.com.acegi.hashbench.HashBench.withArray","avgt",1,10,20649.315061,802.177102,"ns/op",sip-fwdeng,8192
"au.com.acegi.hashbench.HashBench.withArray","avgt",1,10,45075.352907,1805.054051,"ns/op",sip-fwdeng,16384
"au.com.acegi.hashbench.HashBench.withArray","avgt",1,10,88251.262447,2180.671859,"ns/op",sip-fwdeng,32768
"au.com.acegi.hashbench.HashBench.withArray","avgt",1,10,53.217922,1.158902,"ns/op",sip-inline,32
"au.com.acegi.hashbench.HashBench.withArray","avgt",1,10,260.648982,302.415025,"ns/op",sip-inline,128
"au.com.acegi.hashbench.HashBench.withArray","avgt",1,10,928.184061,1064.483492,"ns/op",sip-inline,512
"au.com.acegi.hashbench.HashBench.withArray","avgt",1,10,3375.845187,4049.280814,"ns/op",sip-inline,2048
"au.com.acegi.hashbench.HashBench.withArray","avgt",1,10,8089.873234,354.240589,"ns/op",sip-inline,8192
"au.com.acegi.hashbench.HashBench.withArray","avgt",1,10,16171.705769,361.794929,"ns/op",sip-inline,16384
"au.com.acegi.hashbench.HashBench.withArray","avgt",1,10,32183.402543,87.893437,"ns/op",sip-inline,32768
"au.com.acegi.hashbench.HashBench.withArray","avgt",1,10,9.305198,0.218947,"ns/op",city64-zah,32
"au.com.acegi.hashbench.HashBench.withArray","avgt",1,10,26.859760,0.736023,"ns/op",city64-zah,128
"au.com.acegi.hashbench.HashBench.withArray","avgt",1,10,68.884280,1.976134,"ns/op",city64-zah,512
"au.com.acegi.hashbench.HashBench.withArray","avgt",1,10,226.141389,10.366192,"ns/op",city64-zah,2048
"au.com.acegi.hashbench.HashBench.withArray","avgt",1,10,863.575426,14.728546,"ns/op",city64-zah,8192
"au.com.acegi.hashbench.HashBench.withArray","avgt",1,10,1690.354381,37.285032,"ns/op",city64-zah,16384
"au.com.acegi.hashbench.HashBench.withArray","avgt",1,10,3438.144387,139.397455,"ns/op",city64-zah,32768
"au.com.acegi.hashbench.HashBench.withArray","avgt",1,10,9.318889,0.222221,"ns/op",farmna-zah,32
"au.com.acegi.hashbench.HashBench.withArray","avgt",1,10,23.135849,0.283568,"ns/op",farmna-zah,128
"au.com.acegi.hashbench.HashBench.withArray","avgt",1,10,62.507336,9.464257,"ns/op",farmna-zah,512
"au.com.acegi.hashbench.HashBench.withArray","avgt",1,10,198.268147,10.244391,"ns/op",farmna-zah,2048
"au.com.acegi.hashbench.HashBench.withArray","avgt",1,10,774.580882,26.848066,"ns/op",farmna-zah,8192
"au.com.acegi.hashbench.HashBench.withArray","avgt",1,10,1566.832369,41.497373,"ns/op",farmna-zah,16384
"au.com.acegi.hashbench.HashBench.withArray","avgt",1,10,3089.890759,58.665791,"ns/op",farmna-zah,32768
"au.com.acegi.hashbench.HashBench.withArray","avgt",1,10,9.543668,0.023231,"ns/op",farmuo-zah,32
"au.com.acegi.hashbench.HashBench.withArray","avgt",1,10,26.187915,1.254007,"ns/op",farmuo-zah,128
"au.com.acegi.hashbench.HashBench.withArray","avgt",1,10,69.724510,2.807339,"ns/op",farmuo-zah,512
"au.com.acegi.hashbench.HashBench.withArray","avgt",1,10,242.530414,10.266447,"ns/op",farmuo-zah,2048
"au.com.acegi.hashbench.HashBench.withArray","avgt",1,10,941.708371,27.346442,"ns/op",farmuo-zah,8192
"au.com.acegi.hashbench.HashBench.withArray","avgt",1,10,1853.741327,48.171868,"ns/op",farmuo-zah,16384
"au.com.acegi.hashbench.HashBench.withArray","avgt",1,10,3708.282022,116.593956,"ns/op",farmuo-zah,32768
"au.com.acegi.hashbench.HashBench.withArray","avgt",1,10,16.652337,0.209103,"ns/op",xxh64-zah,32
"au.com.acegi.hashbench.HashBench.withArray","avgt",1,10,23.733747,0.566271,"ns/op",xxh64-zah,128
"au.com.acegi.hashbench.HashBench.withArray","avgt",1,10,54.178686,0.399242,"ns/op",xxh64-zah,512
"au.com.acegi.hashbench.HashBench.withArray","avgt",1,10,171.974963,3.374486,"ns/op",xxh64-zah,2048
"au.com.acegi.hashbench.HashBench.withArray","avgt",1,10,622.269191,19.680574,"ns/op",xxh64-zah,8192
"au.com.acegi.hashbench.HashBench.withArray","avgt",1,10,1208.602176,14.933879,"ns/op",xxh64-zah,16384
"au.com.acegi.hashbench.HashBench.withArray","avgt",1,10,2390.527838,34.251998,"ns/op",xxh64-zah,32768
"au.com.acegi.hashbench.HashBench.withArray","avgt",1,10,14.187194,0.156151,"ns/op",murmur3h128-zah,32
"au.com.acegi.hashbench.HashBench.withArray","avgt",1,10,30.202873,0.088097,"ns/op",murmur3h128-zah,128
"au.com.acegi.hashbench.HashBench.withArray","avgt",1,10,94.557319,0.462497,"ns/op",murmur3h128-zah,512
"au.com.acegi.hashbench.HashBench.withArray","avgt",1,10,368.943683,8.401428,"ns/op",murmur3h128-zah,2048
"au.com.acegi.hashbench.HashBench.withArray","avgt",1,10,1431.845680,16.549935,"ns/op",murmur3h128-zah,8192
"au.com.acegi.hashbench.HashBench.withArray","avgt",1,10,2854.970635,64.281672,"ns/op",murmur3h128-zah,16384
"au.com.acegi.hashbench.HashBench.withArray","avgt",1,10,5720.792804,148.209555,"ns/op",murmur3h128-zah,32768
"au.com.acegi.hashbench.HashBench.withByteBuffer","avgt",1,10,54.103057,1.593778,"ns/op",adler32-jre,32
"au.com.acegi.hashbench.HashBench.withByteBuffer","avgt",1,10,83.854544,2.332203,"ns/op",adler32-jre,128
"au.com.acegi.hashbench.HashBench.withByteBuffer","avgt",1,10,206.560098,4.859604,"ns/op",adler32-jre,512
"au.com.acegi.hashbench.HashBench.withByteBuffer","avgt",1,10,706.884846,18.362154,"ns/op",adler32-jre,2048
"au.com.acegi.hashbench.HashBench.withByteBuffer","avgt",1,10,2787.612245,83.167651,"ns/op",adler32-jre,8192
"au.com.acegi.hashbench.HashBench.withByteBuffer","avgt",1,10,5473.721711,13.983245,"ns/op",adler32-jre,16384
"au.com.acegi.hashbench.HashBench.withByteBuffer","avgt",1,10,11066.070878,230.087446,"ns/op",adler32-jre,32768
"au.com.acegi.hashbench.HashBench.withByteBuffer","avgt",1,10,52.524491,1.510182,"ns/op",crc32-jre,32
"au.com.acegi.hashbench.HashBench.withByteBuffer","avgt",1,10,72.871861,2.029161,"ns/op",crc32-jre,128
"au.com.acegi.hashbench.HashBench.withByteBuffer","avgt",1,10,86.054930,28.063139,"ns/op",crc32-jre,512
"au.com.acegi.hashbench.HashBench.withByteBuffer","avgt",1,10,201.131968,5.601262,"ns/op",crc32-jre,2048
"au.com.acegi.hashbench.HashBench.withByteBuffer","avgt",1,10,626.636397,21.001637,"ns/op",crc32-jre,8192
"au.com.acegi.hashbench.HashBench.withByteBuffer","avgt",1,10,1210.076302,4.485710,"ns/op",crc32-jre,16384
"au.com.acegi.hashbench.HashBench.withByteBuffer","avgt",1,10,2384.147800,6.653978,"ns/op",crc32-jre,32768
"au.com.acegi.hashbench.HashBench.withByteBuffer","avgt",1,10,276.800252,361.755134,"ns/op",adler32-guava,32
"au.com.acegi.hashbench.HashBench.withByteBuffer","avgt",1,10,170.484976,183.884464,"ns/op",adler32-guava,128
"au.com.acegi.hashbench.HashBench.withByteBuffer","avgt",1,10,223.468297,13.331726,"ns/op",adler32-guava,512
"au.com.acegi.hashbench.HashBench.withByteBuffer","avgt",1,10,714.897015,3.761250,"ns/op",adler32-guava,2048
"au.com.acegi.hashbench.HashBench.withByteBuffer","avgt",1,10,2796.135897,67.450972,"ns/op",adler32-guava,8192
"au.com.acegi.hashbench.HashBench.withByteBuffer","avgt",1,10,5480.304749,8.643710,"ns/op",adler32-guava,16384
"au.com.acegi.hashbench.HashBench.withByteBuffer","avgt",1,10,11034.337814,16.103118,"ns/op",adler32-guava,32768
"au.com.acegi.hashbench.HashBench.withByteBuffer","avgt",1,10,189.419387,215.786019,"ns/op",crc32-guava-delegating,32
"au.com.acegi.hashbench.HashBench.withByteBuffer","avgt",1,10,94.579462,4.205080,"ns/op",crc32-guava-delegating,128
"au.com.acegi.hashbench.HashBench.withByteBuffer","avgt",1,10,115.299355,3.411940,"ns/op",crc32-guava-delegating,512
"au.com.acegi.hashbench.HashBench.withByteBuffer","avgt",1,10,225.588961,11.295628,"ns/op",crc32-guava-delegating,2048
"au.com.acegi.hashbench.HashBench.withByteBuffer","avgt",1,10,663.139282,21.330177,"ns/op",crc32-guava-delegating,8192
"au.com.acegi.hashbench.HashBench.withByteBuffer","avgt",1,10,1246.556833,38.620457,"ns/op",crc32-guava-delegating,16384
"au.com.acegi.hashbench.HashBench.withByteBuffer","avgt",1,10,2425.582823,15.704134,"ns/op",crc32-guava-delegating,32768
"au.com.acegi.hashbench.HashBench.withByteBuffer","avgt",1,10,87.137662,0.448098,"ns/op",crc32-guava-rfc3720,32
"au.com.acegi.hashbench.HashBench.withByteBuffer","avgt",1,10,310.139085,1.200804,"ns/op",crc32-guava-rfc3720,128
"au.com.acegi.hashbench.HashBench.withByteBuffer","avgt",1,10,1195.526446,7.329071,"ns/op",crc32-guava-rfc3720,512
"au.com.acegi.hashbench.HashBench.withByteBuffer","avgt",1,10,4763.059344,8.780098,"ns/op",crc32-guava-rfc3720,2048
"au.com.acegi.hashbench.HashBench.withByteBuffer","avgt",1,10,19094.534760,432.669884,"ns/op",crc32-guava-rfc3720,8192
"au.com.acegi.hashbench.HashBench.withByteBuffer","avgt",1,10,38163.428605,943.082474,"ns/op",crc32-guava-rfc3720,16384
"au.com.acegi.hashbench.HashBench.withByteBuffer","avgt",1,10,77348.671026,2579.292433,"ns/op",crc32-guava-rfc3720,32768
"au.com.acegi.hashbench.HashBench.withByteBuffer","avgt",1,10,426.521775,643.308513,"ns/op",gfh32-guava,32
"au.com.acegi.hashbench.HashBench.withByteBuffer","avgt",1,10,150.877728,6.759475,"ns/op",gfh32-guava,128
"au.com.acegi.hashbench.HashBench.withByteBuffer","avgt",1,10,572.846671,31.356785,"ns/op",gfh32-guava,512
"au.com.acegi.hashbench.HashBench.withByteBuffer","avgt",1,10,1860.027871,42.603860,"ns/op",gfh32-guava,2048
"au.com.acegi.hashbench.HashBench.withByteBuffer","avgt",1,10,7545.164386,385.497947,"ns/op",gfh32-guava,8192
"au.com.acegi.hashbench.HashBench.withByteBuffer","avgt",1,10,15676.134083,1231.020530,"ns/op",gfh32-guava,16384
"au.com.acegi.hashbench.HashBench.withByteBuffer","avgt",1,10,31689.266496,1349.642206,"ns/op",gfh32-guava,32768
"au.com.acegi.hashbench.HashBench.withByteBuffer","avgt",1,10,138.290741,10.337259,"ns/op",gfh64-guava,32
"au.com.acegi.hashbench.HashBench.withByteBuffer","avgt",1,10,210.886580,12.655395,"ns/op",gfh64-guava,128
"au.com.acegi.hashbench.HashBench.withByteBuffer","avgt",1,10,440.572325,25.132224,"ns/op",gfh64-guava,512
"au.com.acegi.hashbench.HashBench.withByteBuffer","avgt",1,10,1420.078160,35.165823,"ns/op",gfh64-guava,2048
"au.com.acegi.hashbench.HashBench.withByteBuffer","avgt",1,10,5610.166822,22.602054,"ns/op",gfh64-guava,8192
"au.com.acegi.hashbench.HashBench.withByteBuffer","avgt",1,10,10996.858461,175.169859,"ns/op",gfh64-guava,16384
"au.com.acegi.hashbench.HashBench.withByteBuffer","avgt",1,10,21676.393994,79.737149,"ns/op",gfh64-guava,32768
"au.com.acegi.hashbench.HashBench.withByteBuffer","avgt",1,10,264.576888,30.103246,"ns/op",md5-guava,32
"au.com.acegi.hashbench.HashBench.withByteBuffer","avgt",1,10,570.851746,29.474362,"ns/op",md5-guava,128
"au.com.acegi.hashbench.HashBench.withByteBuffer","avgt",1,10,1487.524977,38.388580,"ns/op",md5-guava,512
"au.com.acegi.hashbench.HashBench.withByteBuffer","avgt",1,10,5216.321197,132.655423,"ns/op",md5-guava,2048
"au.com.acegi.hashbench.HashBench.withByteBuffer","avgt",1,10,20165.734334,525.792056,"ns/op",md5-guava,8192
"au.com.acegi.hashbench.HashBench.withByteBuffer","avgt",1,10,39868.589558,160.286195,"ns/op",md5-guava,16384
"au.com.acegi.hashbench.HashBench.withByteBuffer","avgt",1,10,79391.106203,256.219263,"ns/op",md5-guava,32768
"au.com.acegi.hashbench.HashBench.withByteBuffer","avgt",1,10,90.826119,8.258175,"ns/op",murmur3h32-guava,32
"au.com.acegi.hashbench.HashBench.withByteBuffer","avgt",1,10,151.141668,10.096434,"ns/op",murmur3h32-guava,128
"au.com.acegi.hashbench.HashBench.withByteBuffer","avgt",1,10,575.064299,18.865464,"ns/op",murmur3h32-guava,512
"au.com.acegi.hashbench.HashBench.withByteBuffer","avgt",1,10,1912.384855,103.355397,"ns/op",murmur3h32-guava,2048
"au.com.acegi.hashbench.HashBench.withByteBuffer","avgt",1,10,7260.496797,39.690037,"ns/op",murmur3h32-guava,8192
"au.com.acegi.hashbench.HashBench.withByteBuffer","avgt",1,10,15550.095846,1404.239119,"ns/op",murmur3h32-guava,16384
"au.com.acegi.hashbench.HashBench.withByteBuffer","avgt",1,10,32586.012794,94.032472,"ns/op",murmur3h32-guava,32768
"au.com.acegi.hashbench.HashBench.withByteBuffer","avgt",1,10,143.667593,15.033969,"ns/op",murmur3h128-guava,32
"au.com.acegi.hashbench.HashBench.withByteBuffer","avgt",1,10,206.201028,9.897461,"ns/op",murmur3h128-guava,128
"au.com.acegi.hashbench.HashBench.withByteBuffer","avgt",1,10,437.420018,2.208953,"ns/op",murmur3h128-guava,512
"au.com.acegi.hashbench.HashBench.withByteBuffer","avgt",1,10,1422.684735,36.372677,"ns/op",murmur3h128-guava,2048
"au.com.acegi.hashbench.HashBench.withByteBuffer","avgt",1,10,5613.046362,16.255079,"ns/op",murmur3h128-guava,8192
"au.com.acegi.hashbench.HashBench.withByteBuffer","avgt",1,10,11055.068505,400.401361,"ns/op",murmur3h128-guava,16384
"au.com.acegi.hashbench.HashBench.withByteBuffer","avgt",1,10,21679.636378,45.695120,"ns/op",murmur3h128-guava,32768
"au.com.acegi.hashbench.HashBench.withByteBuffer","avgt",1,10,377.206715,47.108882,"ns/op",sha1-guava,32
"au.com.acegi.hashbench.HashBench.withByteBuffer","avgt",1,10,841.758671,50.647229,"ns/op",sha1-guava,128
"au.com.acegi.hashbench.HashBench.withByteBuffer","avgt",1,10,2268.987565,120.779538,"ns/op",sha1-guava,512
"au.com.acegi.hashbench.HashBench.withByteBuffer","avgt",1,10,7754.091337,22.976510,"ns/op",sha1-guava,2048
"au.com.acegi.hashbench.HashBench.withByteBuffer","avgt",1,10,29959.439188,71.566979,"ns/op",sha1-guava,8192
"au.com.acegi.hashbench.HashBench.withByteBuffer","avgt",1,10,59566.880781,120.308105,"ns/op",sha1-guava,16384
"au.com.acegi.hashbench.HashBench.withByteBuffer","avgt",1,10,118736.977449,252.670335,"ns/op",sha1-guava,32768
"au.com.acegi.hashbench.HashBench.withByteBuffer","avgt",1,10,513.363823,48.765315,"ns/op",sha256-guava,32
"au.com.acegi.hashbench.HashBench.withByteBuffer","avgt",1,10,1132.934457,34.164711,"ns/op",sha256-guava,128
"au.com.acegi.hashbench.HashBench.withByteBuffer","avgt",1,10,3133.506005,10.167704,"ns/op",sha256-guava,512
"au.com.acegi.hashbench.HashBench.withByteBuffer","avgt",1,10,11259.835382,270.347920,"ns/op",sha256-guava,2048
"au.com.acegi.hashbench.HashBench.withByteBuffer","avgt",1,10,43310.251348,122.695933,"ns/op",sha256-guava,8192
"au.com.acegi.hashbench.HashBench.withByteBuffer","avgt",1,10,86557.270307,2370.030605,"ns/op",sha256-guava,16384
"au.com.acegi.hashbench.HashBench.withByteBuffer","avgt",1,10,171883.147530,840.561704,"ns/op",sha256-guava,32768
"au.com.acegi.hashbench.HashBench.withByteBuffer","avgt",1,10,809.091938,63.714332,"ns/op",sha384-guava,32
"au.com.acegi.hashbench.HashBench.withByteBuffer","avgt",1,10,1356.585091,90.391868,"ns/op",sha384-guava,128
"au.com.acegi.hashbench.HashBench.withByteBuffer","avgt",1,10,3035.871590,116.261035,"ns/op",sha384-guava,512
"au.com.acegi.hashbench.HashBench.withByteBuffer","avgt",1,10,9923.057690,353.301154,"ns/op",sha384-guava,2048
"au.com.acegi.hashbench.HashBench.withByteBuffer","avgt",1,10,36797.736141,901.394801,"ns/op",sha384-guava,8192
"au.com.acegi.hashbench.HashBench.withByteBuffer","avgt",1,10,72417.642993,255.735695,"ns/op",sha384-guava,16384
"au.com.acegi.hashbench.HashBench.withByteBuffer","avgt",1,10,144003.521778,581.168483,"ns/op",sha384-guava,32768
"au.com.acegi.hashbench.HashBench.withByteBuffer","avgt",1,10,809.898284,65.420517,"ns/op",sha512-guava,32
"au.com.acegi.hashbench.HashBench.withByteBuffer","avgt",1,10,1336.211081,52.291087,"ns/op",sha512-guava,128
"au.com.acegi.hashbench.HashBench.withByteBuffer","avgt",1,10,3067.414617,171.618552,"ns/op",sha512-guava,512
"au.com.acegi.hashbench.HashBench.withByteBuffer","avgt",1,10,9717.628238,37.096139,"ns/op",sha512-guava,2048
"au.com.acegi.hashbench.HashBench.withByteBuffer","avgt",1,10,36784.770836,899.073516,"ns/op",sha512-guava,8192
"au.com.acegi.hashbench.HashBench.withByteBuffer","avgt",1,10,72333.053117,172.942938,"ns/op",sha512-guava,16384
"au.com.acegi.hashbench.HashBench.withByteBuffer","avgt",1,10,143866.918107,318.414500,"ns/op",sha512-guava,32768
"au.com.acegi.hashbench.HashBench.withByteBuffer","avgt",1,10,117.734772,4.062203,"ns/op",sip-guava,32
"au.com.acegi.hashbench.HashBench.withByteBuffer","avgt",1,10,238.690821,4.737693,"ns/op",sip-guava,128
"au.com.acegi.hashbench.HashBench.withByteBuffer","avgt",1,10,726.981952,16.702856,"ns/op",sip-guava,512
"au.com.acegi.hashbench.HashBench.withByteBuffer","avgt",1,10,2665.203032,113.873598,"ns/op",sip-guava,2048
"au.com.acegi.hashbench.HashBench.withByteBuffer","avgt",1,10,10660.133912,968.992624,"ns/op",sip-guava,8192
"au.com.acegi.hashbench.HashBench.withByteBuffer","avgt",1,10,20044.420004,45.786576,"ns/op",sip-guava,16384
"au.com.acegi.hashbench.HashBench.withByteBuffer","avgt",1,10,40437.489784,1575.490954,"ns/op",sip-guava,32768
"au.com.acegi.hashbench.HashBench.withByteBuffer","avgt",1,10,43.212266,0.361806,"ns/op",xxh32-jpountz-jni,32
"au.com.acegi.hashbench.HashBench.withByteBuffer","avgt",1,10,57.301066,2.454502,"ns/op",xxh32-jpountz-jni,128
"au.com.acegi.hashbench.HashBench.withByteBuffer","avgt",1,10,111.477262,3.919716,"ns/op",xxh32-jpountz-jni,512
"au.com.acegi.hashbench.HashBench.withByteBuffer","avgt",1,10,331.357512,1.736089,"ns/op",xxh32-jpountz-jni,2048
"au.com.acegi.hashbench.HashBench.withByteBuffer","avgt",1,10,1213.111597,43.550008,"ns/op",xxh32-jpountz-jni,8192
"au.com.acegi.hashbench.HashBench.withByteBuffer","avgt",1,10,2348.737646,3.793293,"ns/op",xxh32-jpountz-jni,16384
"au.com.acegi.hashbench.HashBench.withByteBuffer","avgt",1,10,4690.364705,108.997679,"ns/op",xxh32-jpountz-jni,32768
"au.com.acegi.hashbench.HashBench.withByteBuffer","avgt",1,10,27.732716,0.677656,"ns/op",xxh32-jpountz-safe,32
"au.com.acegi.hashbench.HashBench.withByteBuffer","avgt",1,10,69.739320,2.118901,"ns/op",xxh32-jpountz-safe,128
"au.com.acegi.hashbench.HashBench.withByteBuffer","avgt",1,10,237.936719,0.833039,"ns/op",xxh32-jpountz-safe,512
"au.com.acegi.hashbench.HashBench.withByteBuffer","avgt",1,10,917.573483,6.022049,"ns/op",xxh32-jpountz-safe,2048
"au.com.acegi.hashbench.HashBench.withByteBuffer","avgt",1,10,3617.064914,19.405157,"ns/op",xxh32-jpountz-safe,8192
"au.com.acegi.hashbench.HashBench.withByteBuffer","avgt",1,10,6971.252520,254.074245,"ns/op",xxh32-jpountz-safe,16384
"au.com.acegi.hashbench.HashBench.withByteBuffer","avgt",1,10,14011.382436,338.431974,"ns/op",xxh32-jpountz-safe,32768
"au.com.acegi.hashbench.HashBench.withByteBuffer","avgt",1,10,16.747627,0.380573,"ns/op",xxh32-pountz-unsafe,32
"au.com.acegi.hashbench.HashBench.withByteBuffer","avgt",1,10,32.647382,0.147245,"ns/op",xxh32-pountz-unsafe,128
"au.com.acegi.hashbench.HashBench.withByteBuffer","avgt",1,10,99.998160,0.160130,"ns/op",xxh32-pountz-unsafe,512
"au.com.acegi.hashbench.HashBench.withByteBuffer","avgt",1,10,324.510479,8.559960,"ns/op",xxh32-pountz-unsafe,2048
"au.com.acegi.hashbench.HashBench.withByteBuffer","avgt",1,10,1218.651114,4.597837,"ns/op",xxh32-pountz-unsafe,8192
"au.com.acegi.hashbench.HashBench.withByteBuffer","avgt",1,10,2363.950842,41.114338,"ns/op",xxh32-pountz-unsafe,16384
"au.com.acegi.hashbench.HashBench.withByteBuffer","avgt",1,10,4708.327743,95.379969,"ns/op",xxh32-pountz-unsafe,32768
"au.com.acegi.hashbench.HashBench.withByteBuffer","avgt",1,10,55.304329,16.613638,"ns/op",xxh64-jpountz-jni,32
"au.com.acegi.hashbench.HashBench.withByteBuffer","avgt",1,10,52.626190,3.967832,"ns/op",xxh64-jpountz-jni,128
"au.com.acegi.hashbench.HashBench.withByteBuffer","avgt",1,10,79.322221,3.078758,"ns/op",xxh64-jpountz-jni,512
"au.com.acegi.hashbench.HashBench.withByteBuffer","avgt",1,10,191.201197,5.995537,"ns/op",xxh64-jpountz-jni,2048
"au.com.acegi.hashbench.HashBench.withByteBuffer","avgt",1,10,635.377809,20.287583,"ns/op",xxh64-jpountz-jni,8192
"au.com.acegi.hashbench.HashBench.withByteBuffer","avgt",1,10,1204.581006,2.641157,"ns/op",xxh64-jpountz-jni,16384
"au.com.acegi.hashbench.HashBench.withByteBuffer","avgt",1,10,2385.268557,10.125845,"ns/op",xxh64-jpountz-jni,32768
"au.com.acegi.hashbench.HashBench.withByteBuffer","avgt",1,10,30.697939,1.098203,"ns/op",xxh64-jpountz-safe,32
"au.com.acegi.hashbench.HashBench.withByteBuffer","avgt",1,10,78.213624,1.988750,"ns/op",xxh64-jpountz-safe,128
"au.com.acegi.hashbench.HashBench.withByteBuffer","avgt",1,10,255.875263,2.504611,"ns/op",xxh64-jpountz-safe,512
"au.com.acegi.hashbench.HashBench.withByteBuffer","avgt",1,10,965.407042,3.943461,"ns/op",xxh64-jpountz-safe,2048
"au.com.acegi.hashbench.HashBench.withByteBuffer","avgt",1,10,3813.828291,21.550150,"ns/op",xxh64-jpountz-safe,8192
"au.com.acegi.hashbench.HashBench.withByteBuffer","avgt",1,10,7632.941218,24.280777,"ns/op",xxh64-jpountz-safe,16384
"au.com.acegi.hashbench.HashBench.withByteBuffer","avgt",1,10,15358.061499,165.904458,"ns/op",xxh64-jpountz-safe,32768
"au.com.acegi.hashbench.HashBench.withByteBuffer","avgt",1,10,18.491530,0.145243,"ns/op",xxh64-jpountz-unsafe,32
"au.com.acegi.hashbench.HashBench.withByteBuffer","avgt",1,10,28.960901,0.131336,"ns/op",xxh64-jpountz-unsafe,128
"au.com.acegi.hashbench.HashBench.withByteBuffer","avgt",1,10,69.790258,1.781240,"ns/op",xxh64-jpountz-unsafe,512
"au.com.acegi.hashbench.HashBench.withByteBuffer","avgt",1,10,208.028205,4.189307,"ns/op",xxh64-jpountz-unsafe,2048
"au.com.acegi.hashbench.HashBench.withByteBuffer","avgt",1,10,693.266101,4.540462,"ns/op",xxh64-jpountz-unsafe,8192
"au.com.acegi.hashbench.HashBench.withByteBuffer","avgt",1,10,1349.257232,42.583884,"ns/op",xxh64-jpountz-unsafe,16384
"au.com.acegi.hashbench.HashBench.withByteBuffer","avgt",1,10,2627.039880,5.625196,"ns/op",xxh64-jpountz-unsafe,32768
"au.com.acegi.hashbench.HashBench.withByteBuffer","avgt",1,10,160.256986,156.029696,"ns/op",sip-fwdeng,32
"au.com.acegi.hashbench.HashBench.withByteBuffer","avgt",1,10,378.130783,16.235873,"ns/op",sip-fwdeng,128
"au.com.acegi.hashbench.HashBench.withByteBuffer","avgt",1,10,1313.169428,32.702419,"ns/op",sip-fwdeng,512
"au.com.acegi.hashbench.HashBench.withByteBuffer","avgt",1,10,5276.348001,113.116225,"ns/op",sip-fwdeng,2048
"au.com.acegi.hashbench.HashBench.withByteBuffer","avgt",1,10,20586.152063,378.753366,"ns/op",sip-fwdeng,8192
"au.com.acegi.hashbench.HashBench.withByteBuffer","avgt",1,10,40094.854403,1695.711598,"ns/op",sip-fwdeng,16384
"au.com.acegi.hashbench.HashBench.withByteBuffer","avgt",1,10,79705.728623,1052.423034,"ns/op",sip-fwdeng,32768
"au.com.acegi.hashbench.HashBench.withByteBuffer","avgt",1,10,73.818454,1.953700,"ns/op",sip-inline,32
"au.com.acegi.hashbench.HashBench.withByteBuffer","avgt",1,10,631.553650,849.701596,"ns/op",sip-inline,128
"au.com.acegi.hashbench.HashBench.withByteBuffer","avgt",1,10,521.824070,14.499899,"ns/op",sip-inline,512
"au.com.acegi.hashbench.HashBench.withByteBuffer","avgt",1,10,2172.786194,123.478673,"ns/op",sip-inline,2048
"au.com.acegi.hashbench.HashBench.withByteBuffer","avgt",1,10,8877.879619,813.210805,"ns/op",sip-inline,8192
"au.com.acegi.hashbench.HashBench.withByteBuffer","avgt",1,10,16780.972397,737.323126,"ns/op",sip-inline,16384
"au.com.acegi.hashbench.HashBench.withByteBuffer","avgt",1,10,36161.251757,3483.941850,"ns/op",sip-inline,32768
"au.com.acegi.hashbench.HashBench.withByteBuffer","avgt",1,10,9.978260,0.278959,"ns/op",city64-zah,32
"au.com.acegi.hashbench.HashBench.withByteBuffer","avgt",1,10,27.475395,0.949573,"ns/op",city64-zah,128
"au.com.acegi.hashbench.HashBench.withByteBuffer","avgt",1,10,69.081371,0.649095,"ns/op",city64-zah,512
"au.com.acegi.hashbench.HashBench.withByteBuffer","avgt",1,10,226.560445,5.358258,"ns/op",city64-zah,2048
"au.com.acegi.hashbench.HashBench.withByteBuffer","avgt",1,10,871.938353,22.539345,"ns/op",city64-zah,8192
"au.com.acegi.hashbench.HashBench.withByteBuffer","avgt",1,10,1706.749783,33.486651,"ns/op",city64-zah,16384
"au.com.acegi.hashbench.HashBench.withByteBuffer","avgt",1,10,3416.325449,62.987167,"ns/op",city64-zah,32768
"au.com.acegi.hashbench.HashBench.withByteBuffer","avgt",1,10,11.089306,4.760176,"ns/op",farmna-zah,32
"au.com.acegi.hashbench.HashBench.withByteBuffer","avgt",1,10,25.234939,5.262072,"ns/op",farmna-zah,128
"au.com.acegi.hashbench.HashBench.withByteBuffer","avgt",1,10,60.854187,1.498790,"ns/op",farmna-zah,512
"au.com.acegi.hashbench.HashBench.withByteBuffer","avgt",1,10,205.950063,12.889828,"ns/op",farmna-zah,2048
"au.com.acegi.hashbench.HashBench.withByteBuffer","avgt",1,10,770.364808,22.998877,"ns/op",farmna-zah,8192
"au.com.acegi.hashbench.HashBench.withByteBuffer","avgt",1,10,1565.532413,34.682403,"ns/op",farmna-zah,16384
"au.com.acegi.hashbench.HashBench.withByteBuffer","avgt",1,10,3046.746342,102.081788,"ns/op",farmna-zah,32768
"au.com.acegi.hashbench.HashBench.withByteBuffer","avgt",1,10,9.890599,0.164454,"ns/op",farmuo-zah,32
"au.com.acegi.hashbench.HashBench.withByteBuffer","avgt",1,10,26.662388,0.396475,"ns/op",farmuo-zah,128
"au.com.acegi.hashbench.HashBench.withByteBuffer","avgt",1,10,69.613480,1.773674,"ns/op",farmuo-zah,512
"au.com.acegi.hashbench.HashBench.withByteBuffer","avgt",1,10,242.006690,7.911301,"ns/op",farmuo-zah,2048
"au.com.acegi.hashbench.HashBench.withByteBuffer","avgt",1,10,936.201074,22.286273,"ns/op",farmuo-zah,8192
"au.com.acegi.hashbench.HashBench.withByteBuffer","avgt",1,10,1864.809362,70.527964,"ns/op",farmuo-zah,16384
"au.com.acegi.hashbench.HashBench.withByteBuffer","avgt",1,10,3706.254049,129.348434,"ns/op",farmuo-zah,32768
"au.com.acegi.hashbench.HashBench.withByteBuffer","avgt",1,10,17.335254,0.178171,"ns/op",xxh64-zah,32
"au.com.acegi.hashbench.HashBench.withByteBuffer","avgt",1,10,24.961086,0.739169,"ns/op",xxh64-zah,128
"au.com.acegi.hashbench.HashBench.withByteBuffer","avgt",1,10,55.529989,1.455393,"ns/op",xxh64-zah,512
"au.com.acegi.hashbench.HashBench.withByteBuffer","avgt",1,10,175.427534,7.289294,"ns/op",xxh64-zah,2048
"au.com.acegi.hashbench.HashBench.withByteBuffer","avgt",1,10,616.578558,8.245270,"ns/op",xxh64-zah,8192
"au.com.acegi.hashbench.HashBench.withByteBuffer","avgt",1,10,1207.088417,15.262766,"ns/op",xxh64-zah,16384
"au.com.acegi.hashbench.HashBench.withByteBuffer","avgt",1,10,2405.636334,61.270512,"ns/op",xxh64-zah,32768
"au.com.acegi.hashbench.HashBench.withByteBuffer","avgt",1,10,14.816279,0.363775,"ns/op",murmur3h128-zah,32
"au.com.acegi.hashbench.HashBench.withByteBuffer","avgt",1,10,31.331673,0.469258,"ns/op",murmur3h128-zah,128
"au.com.acegi.hashbench.HashBench.withByteBuffer","avgt",1,10,97.421597,3.811541,"ns/op",murmur3h128-zah,512
"au.com.acegi.hashbench.HashBench.withByteBuffer","avgt",1,10,367.724496,7.291353,"ns/op",murmur3h128-zah,2048
"au.com.acegi.hashbench.HashBench.withByteBuffer","avgt",1,10,1432.833283,19.829551,"ns/op",murmur3h128-zah,8192
"au.com.acegi.hashbench.HashBench.withByteBuffer","avgt",1,10,2853.909960,36.586392,"ns/op",murmur3h128-zah,16384
"au.com.acegi.hashbench.HashBench.withByteBuffer","avgt",1,10,5751.413659,200.254150,"ns/op",murmur3h128-zah,32768
"au.com.acegi.hashbench.HashBench.withDirectBuffer","avgt",1,10,31.668335,0.135682,"ns/op",adler32-jre,32
"au.com.acegi.hashbench.HashBench.withDirectBuffer","avgt",1,10,62.512425,1.170300,"ns/op",adler32-jre,128
"au.com.acegi.hashbench.HashBench.withDirectBuffer","avgt",1,10,186.245926,3.877559,"ns/op",adler32-jre,512
"au.com.acegi.hashbench.HashBench.withDirectBuffer","avgt",1,10,678.403923,2.872648,"ns/op",adler32-jre,2048
"au.com.acegi.hashbench.HashBench.withDirectBuffer","avgt",1,10,2752.951945,62.480813,"ns/op",adler32-jre,8192
"au.com.acegi.hashbench.HashBench.withDirectBuffer","avgt",1,10,5445.696899,17.309252,"ns/op",adler32-jre,16384
"au.com.acegi.hashbench.HashBench.withDirectBuffer","avgt",1,10,11052.287320,253.124131,"ns/op",adler32-jre,32768
"au.com.acegi.hashbench.HashBench.withDirectBuffer","avgt",1,10,55.148369,0.277442,"ns/op",crc32-jre,32
"au.com.acegi.hashbench.HashBench.withDirectBuffer","avgt",1,10,75.660112,0.302705,"ns/op",crc32-jre,128
"au.com.acegi.hashbench.HashBench.withDirectBuffer","avgt",1,10,99.229936,1.660648,"ns/op",crc32-jre,512
"au.com.acegi.hashbench.HashBench.withDirectBuffer","avgt",1,10,206.088386,7.347872,"ns/op",crc32-jre,2048
"au.com.acegi.hashbench.HashBench.withDirectBuffer","avgt",1,10,638.001977,5.449228,"ns/op",crc32-jre,8192
"au.com.acegi.hashbench.HashBench.withDirectBuffer","avgt",1,10,1215.740851,6.602890,"ns/op",crc32-jre,16384
"au.com.acegi.hashbench.HashBench.withDirectBuffer","avgt",1,10,2386.571084,16.084992,"ns/op",crc32-jre,32768
"au.com.acegi.hashbench.HashBench.withDirectBuffer","avgt",1,10,441.129543,548.927893,"ns/op",adler32-guava,32
"au.com.acegi.hashbench.HashBench.withDirectBuffer","avgt",1,10,448.311493,798.714321,"ns/op",adler32-guava,128
"au.com.acegi.hashbench.HashBench.withDirectBuffer","avgt",1,10,1675.928055,1702.736723,"ns/op",adler32-guava,512
"au.com.acegi.hashbench.HashBench.withDirectBuffer","avgt",1,10,3434.798442,4314.826804,"ns/op",adler32-guava,2048
"au.com.acegi.hashbench.HashBench.withDirectBuffer","avgt",1,10,12367.624295,16420.140018,"ns/op",adler32-guava,8192
"au.com.acegi.hashbench.HashBench.withDirectBuffer","avgt",1,10,38629.896046,32376.346066,"ns/op",adler32-guava,16384
"au.com.acegi.hashbench.HashBench.withDirectBuffer","avgt",1,10,54634.024989,73379.177464,"ns/op",adler32-guava,32768
"au.com.acegi.hashbench.HashBench.withDirectBuffer","avgt",1,10,103.814422,172.777858,"ns/op",crc32-guava-delegating,32
"au.com.acegi.hashbench.HashBench.withDirectBuffer","avgt",1,10,481.371634,488.521107,"ns/op",crc32-guava-delegating,128
"au.com.acegi.hashbench.HashBench.withDirectBuffer","avgt",1,10,1002.368512,1400.241261,"ns/op",crc32-guava-delegating,512
"au.com.acegi.hashbench.HashBench.withDirectBuffer","avgt",1,10,3862.659993,4525.029282,"ns/op",crc32-guava-delegating,2048
"au.com.acegi.hashbench.HashBench.withDirectBuffer","avgt",1,10,17607.577697,17682.126179,"ns/op",crc32-guava-delegating,8192
"au.com.acegi.hashbench.HashBench.withDirectBuffer","avgt",1,10,33291.464950,35533.584749,"ns/op",crc32-guava-delegating,16384
"au.com.acegi.hashbench.HashBench.withDirectBuffer","avgt",1,10,74421.631754,67074.931450,"ns/op",crc32-guava-delegating,32768
"au.com.acegi.hashbench.HashBench.withDirectBuffer","avgt",1,10,179.074493,234.750407,"ns/op",crc32-guava-rfc3720,32
"au.com.acegi.hashbench.HashBench.withDirectBuffer","avgt",1,10,329.198145,18.884546,"ns/op",crc32-guava-rfc3720,128
"au.com.acegi.hashbench.HashBench.withDirectBuffer","avgt",1,10,1294.536760,25.352862,"ns/op",crc32-guava-rfc3720,512
"au.com.acegi.hashbench.HashBench.withDirectBuffer","avgt",1,10,5211.789777,204.080134,"ns/op",crc32-guava-rfc3720,2048
"au.com.acegi.hashbench.HashBench.withDirectBuffer","avgt",1,10,20095.340613,328.160679,"ns/op",crc32-guava-rfc3720,8192
"au.com.acegi.hashbench.HashBench.withDirectBuffer","avgt",1,10,40648.272806,1411.472988,"ns/op",crc32-guava-rfc3720,16384
"au.com.acegi.hashbench.HashBench.withDirectBuffer","avgt",1,10,84928.054695,2627.005207,"ns/op",crc32-guava-rfc3720,32768
"au.com.acegi.hashbench.HashBench.withDirectBuffer","avgt",1,10,103.386096,6.308677,"ns/op",gfh32-guava,32
"au.com.acegi.hashbench.HashBench.withDirectBuffer","avgt",1,10,189.236132,21.424181,"ns/op",gfh32-guava,128
"au.com.acegi.hashbench.HashBench.withDirectBuffer","avgt",1,10,599.887975,69.979246,"ns/op",gfh32-guava,512
"au.com.acegi.hashbench.HashBench.withDirectBuffer","avgt",1,10,2335.156586,217.650506,"ns/op",gfh32-guava,2048
"au.com.acegi.hashbench.HashBench.withDirectBuffer","avgt",1,10,24428.932361,34488.237811,"ns/op",gfh32-guava,8192
"au.com.acegi.hashbench.HashBench.withDirectBuffer","avgt",1,10,89068.199782,65909.685600,"ns/op",gfh32-guava,16384
"au.com.acegi.hashbench.HashBench.withDirectBuffer","avgt",1,10,125225.619215,145172.931484,"ns/op",gfh32-guava,32768
"au.com.acegi.hashbench.HashBench.withDirectBuffer","avgt",1,10,294.797689,431.925375,"ns/op",gfh64-guava,32
"au.com.acegi.hashbench.HashBench.withDirectBuffer","avgt",1,10,265.027823,117.255761,"ns/op",gfh64-guava,128
"au.com.acegi.hashbench.HashBench.withDirectBuffer","avgt",1,10,808.680908,765.859269,"ns/op",gfh64-guava,512
"au.com.acegi.hashbench.HashBench.withDirectBuffer","avgt",1,10,1783.447168,64.588504,"ns/op",gfh64-guava,2048
"au.com.acegi.hashbench.HashBench.withDirectBuffer","avgt",1,10,7203.815080,621.143502,"ns/op",gfh64-guava,8192
"au.com.acegi.hashbench.HashBench.withDirectBuffer","avgt",1,10,13827.758018,1341.826027,"ns/op",gfh64-guava,16384
"au.com.acegi.hashbench.HashBench.withDirectBuffer","avgt",1,10,28408.543364,3927.641341,"ns/op",gfh64-guava,32768
"au.com.acegi.hashbench.HashBench.withDirectBuffer","avgt",1,10,304.423085,47.664667,"ns/op",md5-guava,32
"au.com.acegi.hashbench.HashBench.withDirectBuffer","avgt",1,10,627.886164,56.019185,"ns/op",md5-guava,128
"au.com.acegi.hashbench.HashBench.withDirectBuffer","avgt",1,10,1526.049796,44.702577,"ns/op",md5-guava,512
"au.com.acegi.hashbench.HashBench.withDirectBuffer","avgt",1,10,5571.665493,318.354721,"ns/op",md5-guava,2048
"au.com.acegi.hashbench.HashBench.withDirectBuffer","avgt",1,10,21171.290892,927.256304,"ns/op",md5-guava,8192
"au.com.acegi.hashbench.HashBench.withDirectBuffer","avgt",1,10,42104.588968,1690.501282,"ns/op",md5-guava,16384
"au.com.acegi.hashbench.HashBench.withDirectBuffer","avgt",1,10,84097.534536,4648.777942,"ns/op",md5-guava,32768
"au.com.acegi.hashbench.HashBench.withDirectBuffer","avgt",1,10,105.705922,13.978341,"ns/op",murmur3h32-guava,32
"au.com.acegi.hashbench.HashBench.withDirectBuffer","avgt",1,10,195.444081,16.510433,"ns/op",murmur3h32-guava,128
"au.com.acegi.hashbench.HashBench.withDirectBuffer","avgt",1,10,668.000088,70.370149,"ns/op",murmur3h32-guava,512
"au.com.acegi.hashbench.HashBench.withDirectBuffer","avgt",1,10,2198.085825,150.245892,"ns/op",murmur3h32-guava,2048
"au.com.acegi.hashbench.HashBench.withDirectBuffer","avgt",1,10,8605.771196,777.413811,"ns/op",murmur3h32-guava,8192
"au.com.acegi.hashbench.HashBench.withDirectBuffer","avgt",1,10,16115.942441,2244.053554,"ns/op",murmur3h32-guava,16384
"au.com.acegi.hashbench.HashBench.withDirectBuffer","avgt",1,10,36302.458227,3375.047701,"ns/op",murmur3h32-guava,32768
"au.com.acegi.hashbench.HashBench.withDirectBuffer","avgt",1,10,161.442102,19.861170,"ns/op",murmur3h128-guava,32
"au.com.acegi.hashbench.HashBench.withDirectBuffer","avgt",1,10,235.070169,22.980137,"ns/op",murmur3h128-guava,128
"au.com.acegi.hashbench.HashBench.withDirectBuffer","avgt",1,10,530.601150,47.636186,"ns/op",murmur3h128-guava,512
"au.com.acegi.hashbench.HashBench.withDirectBuffer","avgt",1,10,1819.172173,167.076706,"ns/op",murmur3h128-guava,2048
"au.com.acegi.hashbench.HashBench.withDirectBuffer","avgt",1,10,7529.872798,993.737804,"ns/op",murmur3h128-guava,8192
"au.com.acegi.hashbench.HashBench.withDirectBuffer","avgt",1,10,13710.384398,1598.193881,"ns/op",murmur3h128-guava,16384
"au.com.acegi.hashbench.HashBench.withDirectBuffer","avgt",1,10,28720.143112,5181.167242,"ns/op",murmur3h128-guava,32768
"au.com.acegi.hashbench.HashBench.withDirectBuffer","avgt",1,10,376.714958,19.079195,"ns/op",sha1-guava,32
"au.com.acegi.hashbench.HashBench.withDirectBuffer","avgt",1,10,865.951756,56.849079,"ns/op",sha1-guava,128
"au.com.acegi.hashbench.HashBench.withDirectBuffer","avgt",1,10,2296.767810,120.732401,"ns/op",sha1-guava,512
"au.com.acegi.hashbench.HashBench.withDirectBuffer","avgt",1,10,7963.366729,24.210622,"ns/op",sha1-guava,2048
"au.com.acegi.hashbench.HashBench.withDirectBuffer","avgt",1,10,30534.817509,80.104887,"ns/op",sha1-guava,8192
"au.com.acegi.hashbench.HashBench.withDirectBuffer","avgt",1,10,61312.406574,2072.375426,"ns/op",sha1-guava,16384
"au.com.acegi.hashbench.HashBench.withDirectBuffer","avgt",1,10,122764.393684,3346.590239,"ns/op",sha1-guava,32768
"au.com.acegi.hashbench.HashBench.withDirectBuffer","avgt",1,10,508.145193,43.764858,"ns/op",sha256-guava,32
"au.com.acegi.hashbench.HashBench.withDirectBuffer","avgt",1,10,1170.367892,88.896066,"ns/op",sha256-guava,128
"au.com.acegi.hashbench.HashBench.withDirectBuffer","avgt",1,10,3175.511132,80.327613,"ns/op",sha256-guava,512
"au.com.acegi.hashbench.HashBench.withDirectBuffer","avgt",1,10,11384.752167,312.362660,"ns/op",sha256-guava,2048
"au.com.acegi.hashbench.HashBench.withDirectBuffer","avgt",1,10,44271.933872,1532.959636,"ns/op",sha256-guava,8192
"au.com.acegi.hashbench.HashBench.withDirectBuffer","avgt",1,10,87520.811714,2155.581005,"ns/op",sha256-guava,16384
"au.com.acegi.hashbench.HashBench.withDirectBuffer","avgt",1,10,176533.257157,5331.826851,"ns/op",sha256-guava,32768
"au.com.acegi.hashbench.HashBench.withDirectBuffer","avgt",1,10,815.982830,72.451688,"ns/op",sha384-guava,32
"au.com.acegi.hashbench.HashBench.withDirectBuffer","avgt",1,10,1388.182188,109.288829,"ns/op",sha384-guava,128
"au.com.acegi.hashbench.HashBench.withDirectBuffer","avgt",1,10,3115.125479,240.630103,"ns/op",sha384-guava,512
"au.com.acegi.hashbench.HashBench.withDirectBuffer","avgt",1,10,10077.259824,484.314627,"ns/op",sha384-guava,2048
"au.com.acegi.hashbench.HashBench.withDirectBuffer","avgt",1,10,37224.304633,444.920827,"ns/op",sha384-guava,8192
"au.com.acegi.hashbench.HashBench.withDirectBuffer","avgt",1,10,73811.373478,1816.247692,"ns/op",sha384-guava,16384
"au.com.acegi.hashbench.HashBench.withDirectBuffer","avgt",1,10,150127.509014,6191.799625,"ns/op",sha384-guava,32768
"au.com.acegi.hashbench.HashBench.withDirectBuffer","avgt",1,10,2193.189417,4117.273139,"ns/op",sha512-guava,32
"au.com.acegi.hashbench.HashBench.withDirectBuffer","avgt",1,10,1416.478714,147.362007,"ns/op",sha512-guava,128
"au.com.acegi.hashbench.HashBench.withDirectBuffer","avgt",1,10,3101.802991,101.894476,"ns/op",sha512-guava,512
"au.com.acegi.hashbench.HashBench.withDirectBuffer","avgt",1,10,9908.518912,56.166333,"ns/op",sha512-guava,2048
"au.com.acegi.hashbench.HashBench.withDirectBuffer","avgt",1,10,37086.277519,60.775195,"ns/op",sha512-guava,8192
"au.com.acegi.hashbench.HashBench.withDirectBuffer","avgt",1,10,73454.372132,174.577856,"ns/op",sha512-guava,16384
"au.com.acegi.hashbench.HashBench.withDirectBuffer","avgt",1,10,148330.245774,4523.097363,"ns/op",sha512-guava,32768
"au.com.acegi.hashbench.HashBench.withDirectBuffer","avgt",1,10,144.370386,18.077739,"ns/op",sip-guava,32
"au.com.acegi.hashbench.HashBench.withDirectBuffer","avgt",1,10,275.086154,33.296013,"ns/op",sip-guava,128
"au.com.acegi.hashbench.HashBench.withDirectBuffer","avgt",1,10,755.879395,56.157634,"ns/op",sip-guava,512
"au.com.acegi.hashbench.HashBench.withDirectBuffer","avgt",1,10,3033.936649,230.388886,"ns/op",sip-guava,2048
"au.com.acegi.hashbench.HashBench.withDirectBuffer","avgt",1,10,11340.012188,979.287012,"ns/op",sip-guava,8192
"au.com.acegi.hashbench.HashBench.withDirectBuffer","avgt",1,10,22698.930537,1321.224560,"ns/op",sip-guava,16384
"au.com.acegi.hashbench.HashBench.withDirectBuffer","avgt",1,10,45079.382589,2835.609764,"ns/op",sip-guava,32768
"au.com.acegi.hashbench.HashBench.withDirectBuffer","avgt",1,10,33.348429,0.570943,"ns/op",xxh32-jpountz-jni,32
"au.com.acegi.hashbench.HashBench.withDirectBuffer","avgt",1,10,46.936454,0.358777,"ns/op",xxh32-jpountz-jni,128
"au.com.acegi.hashbench.HashBench.withDirectBuffer","avgt",1,10,99.894591,0.374478,"ns/op",xxh32-jpountz-jni,512
"au.com.acegi.hashbench.HashBench.withDirectBuffer","avgt",1,10,316.938871,1.100988,"ns/op",xxh32-jpountz-jni,2048
"au.com.acegi.hashbench.HashBench.withDirectBuffer","avgt",1,10,1181.035373,28.823512,"ns/op",xxh32-jpountz-jni,8192
"au.com.acegi.hashbench.HashBench.withDirectBuffer","avgt",1,10,2319.410775,2.984711,"ns/op",xxh32-jpountz-jni,16384
"au.com.acegi.hashbench.HashBench.withDirectBuffer","avgt",1,10,4616.203231,10.102367,"ns/op",xxh32-jpountz-jni,32768
"au.com.acegi.hashbench.HashBench.withDirectBuffer","avgt",1,10,26.564007,0.172591,"ns/op",xxh32-jpountz-safe,32
"au.com.acegi.hashbench.HashBench.withDirectBuffer","avgt",1,10,49.616772,0.083297,"ns/op",xxh32-jpountz-safe,128
"au.com.acegi.hashbench.HashBench.withDirectBuffer","avgt",1,10,128.086383,3.072642,"ns/op",xxh32-jpountz-safe,512
"au.com.acegi.hashbench.HashBench.withDirectBuffer","avgt",1,10,427.816846,1.894604,"ns/op",xxh32-jpountz-safe,2048
"au.com.acegi.hashbench.HashBench.withDirectBuffer","avgt",1,10,1626.720757,26.934558,"ns/op",xxh32-jpountz-safe,8192
"au.com.acegi.hashbench.HashBench.withDirectBuffer","avgt",1,10,3051.091952,252.193414,"ns/op",xxh32-jpountz-safe,16384
"au.com.acegi.hashbench.HashBench.withDirectBuffer","avgt",1,10,5832.869199,19.792079,"ns/op",xxh32-jpountz-safe,32768
"au.com.acegi.hashbench.HashBench.withDirectBuffer","avgt",1,10,26.705499,0.351219,"ns/op",xxh32-pountz-unsafe,32
"au.com.acegi.hashbench.HashBench.withDirectBuffer","avgt",1,10,49.657725,0.097922,"ns/op",xxh32-pountz-unsafe,128
"au.com.acegi.hashbench.HashBench.withDirectBuffer","avgt",1,10,127.551612,0.343210,"ns/op",xxh32-pountz-unsafe,512
"au.com.acegi.hashbench.HashBench.withDirectBuffer","avgt",1,10,431.125492,9.489750,"ns/op",xxh32-pountz-unsafe,2048
"au.com.acegi.hashbench.HashBench.withDirectBuffer","avgt",1,10,1616.301580,11.459658,"ns/op",xxh32-pountz-unsafe,8192
"au.com.acegi.hashbench.HashBench.withDirectBuffer","avgt",1,10,3069.066888,221.292959,"ns/op",xxh32-pountz-unsafe,16384
"au.com.acegi.hashbench.HashBench.withDirectBuffer","avgt",1,10,6051.738368,460.027728,"ns/op",xxh32-pountz-unsafe,32768
"au.com.acegi.hashbench.HashBench.withDirectBuffer","avgt",1,10,35.272471,0.409582,"ns/op",xxh64-jpountz-jni,32
"au.com.acegi.hashbench.HashBench.withDirectBuffer","avgt",1,10,41.962187,0.262664,"ns/op",xxh64-jpountz-jni,128
"au.com.acegi.hashbench.HashBench.withDirectBuffer","avgt",1,10,68.614942,0.747814,"ns/op",xxh64-jpountz-jni,512
"au.com.acegi.hashbench.HashBench.withDirectBuffer","avgt",1,10,179.058704,5.674390,"ns/op",xxh64-jpountz-jni,2048
"au.com.acegi.hashbench.HashBench.withDirectBuffer","avgt",1,10,609.046279,5.718796,"ns/op",xxh64-jpountz-jni,8192
"au.com.acegi.hashbench.HashBench.withDirectBuffer","avgt",1,10,1187.021490,2.192830,"ns/op",xxh64-jpountz-jni,16384
"au.com.acegi.hashbench.HashBench.withDirectBuffer","avgt",1,10,2360.514713,62.767259,"ns/op",xxh64-jpountz-jni,32768
"au.com.acegi.hashbench.HashBench.withDirectBuffer","avgt",1,10,21.771566,0.774877,"ns/op",xxh64-jpountz-safe,32
"au.com.acegi.hashbench.HashBench.withDirectBuffer","avgt",1,10,43.777337,0.109251,"ns/op",xxh64-jpountz-safe,128
"au.com.acegi.hashbench.HashBench.withDirectBuffer","avgt",1,10,96.212589,3.094667,"ns/op",xxh64-jpountz-safe,512
"au.com.acegi.hashbench.HashBench.withDirectBuffer","avgt",1,10,275.348994,1.494480,"ns/op",xxh64-jpountz-safe,2048
"au.com.acegi.hashbench.HashBench.withDirectBuffer","avgt",1,10,887.199713,4.066404,"ns/op",xxh64-jpountz-safe,8192
"au.com.acegi.hashbench.HashBench.withDirectBuffer","avgt",1,10,1697.269723,54.127984,"ns/op",xxh64-jpountz-safe,16384
"au.com.acegi.hashbench.HashBench.withDirectBuffer","avgt",1,10,3372.459323,6.187138,"ns/op",xxh64-jpountz-safe,32768
"au.com.acegi.hashbench.HashBench.withDirectBuffer","avgt",1,10,23.900593,6.847577,"ns/op",xxh64-jpountz-unsafe,32
"au.com.acegi.hashbench.HashBench.withDirectBuffer","avgt",1,10,43.815873,0.128190,"ns/op",xxh64-jpountz-unsafe,128
"au.com.acegi.hashbench.HashBench.withDirectBuffer","avgt",1,10,95.568604,2.499994,"ns/op",xxh64-jpountz-unsafe,512
"au.com.acegi.hashbench.HashBench.withDirectBuffer","avgt",1,10,271.879200,6.901846,"ns/op",xxh64-jpountz-unsafe,2048
"au.com.acegi.hashbench.HashBench.withDirectBuffer","avgt",1,10,879.820771,20.046508,"ns/op",xxh64-jpountz-unsafe,8192
"au.com.acegi.hashbench.HashBench.withDirectBuffer","avgt",1,10,1671.265726,43.729712,"ns/op",xxh64-jpountz-unsafe,16384
"au.com.acegi.hashbench.HashBench.withDirectBuffer","avgt",1,10,3315.119165,86.916748,"ns/op",xxh64-jpountz-unsafe,32768
"au.com.acegi.hashbench.HashBench.withDirectBuffer","avgt",1,10,130.118900,4.007481,"ns/op",sip-fwdeng,32
"au.com.acegi.hashbench.HashBench.withDirectBuffer","avgt",1,10,372.295617,15.704117,"ns/op",sip-fwdeng,128
"au.com.acegi.hashbench.HashBench.withDirectBuffer","avgt",1,10,1329.806663,58.117845,"ns/op",sip-fwdeng,512
"au.com.acegi.hashbench.HashBench.withDirectBuffer","avgt",1,10,5220.568085,194.750270,"ns/op",sip-fwdeng,2048
"au.com.acegi.hashbench.HashBench.withDirectBuffer","avgt",1,10,20675.668434,855.450252,"ns/op",sip-fwdeng,8192
"au.com.acegi.hashbench.HashBench.withDirectBuffer","avgt",1,10,38229.026857,1148.390109,"ns/op",sip-fwdeng,16384
"au.com.acegi.hashbench.HashBench.withDirectBuffer","avgt",1,10,77500.753143,3961.357517,"ns/op",sip-fwdeng,32768
"au.com.acegi.hashbench.HashBench.withDirectBuffer","avgt",1,10,73.598440,4.659592,"ns/op",sip-inline,32
"au.com.acegi.hashbench.HashBench.withDirectBuffer","avgt",1,10,165.171154,22.217771,"ns/op",sip-inline,128
"au.com.acegi.hashbench.HashBench.withDirectBuffer","avgt",1,10,554.917638,47.400820,"ns/op",sip-inline,512
"au.com.acegi.hashbench.HashBench.withDirectBuffer","avgt",1,10,2107.627708,10.952502,"ns/op",sip-inline,2048
"au.com.acegi.hashbench.HashBench.withDirectBuffer","avgt",1,10,8471.871588,463.057264,"ns/op",sip-inline,8192
"au.com.acegi.hashbench.HashBench.withDirectBuffer","avgt",1,10,16860.587560,1433.723574,"ns/op",sip-inline,16384
"au.com.acegi.hashbench.HashBench.withDirectBuffer","avgt",1,10,33746.254863,1369.493004,"ns/op",sip-inline,32768
"au.com.acegi.hashbench.HashBench.withDirectBuffer","avgt",1,10,10.270309,0.290040,"ns/op",city64-zah,32
"au.com.acegi.hashbench.HashBench.withDirectBuffer","avgt",1,10,27.600570,0.053568,"ns/op",city64-zah,128
"au.com.acegi.hashbench.HashBench.withDirectBuffer","avgt",1,10,69.182416,1.834306,"ns/op",city64-zah,512
"au.com.acegi.hashbench.HashBench.withDirectBuffer","avgt",1,10,225.404298,7.186179,"ns/op",city64-zah,2048
"au.com.acegi.hashbench.HashBench.withDirectBuffer","avgt",1,10,869.690286,31.039534,"ns/op",city64-zah,8192
"au.com.acegi.hashbench.HashBench.withDirectBuffer","avgt",1,10,1687.897323,29.910671,"ns/op",city64-zah,16384
"au.com.acegi.hashbench.HashBench.withDirectBuffer","avgt",1,10,3359.660290,62.741741,"ns/op",city64-zah,32768
"au.com.acegi.hashbench.HashBench.withDirectBuffer","avgt",1,10,12.435866,6.731893,"ns/op",farmna-zah,32
"au.com.acegi.hashbench.HashBench.withDirectBuffer","avgt",1,10,23.730196,0.558721,"ns/op",farmna-zah,128
"au.com.acegi.hashbench.HashBench.withDirectBuffer","avgt",1,10,60.123589,0.865216,"ns/op",farmna-zah,512
"au.com.acegi.hashbench.HashBench.withDirectBuffer","avgt",1,10,199.930802,10.407568,"ns/op",farmna-zah,2048
"au.com.acegi.hashbench.HashBench.withDirectBuffer","avgt",1,10,772.127828,32.941449,"ns/op",farmna-zah,8192
"au.com.acegi.hashbench.HashBench.withDirectBuffer","avgt",1,10,1554.215131,26.752339,"ns/op",farmna-zah,16384
"au.com.acegi.hashbench.HashBench.withDirectBuffer","avgt",1,10,3083.324409,74.367741,"ns/op",farmna-zah,32768
"au.com.acegi.hashbench.HashBench.withDirectBuffer","avgt",1,10,10.181759,0.203786,"ns/op",farmuo-zah,32
"au.com.acegi.hashbench.HashBench.withDirectBuffer","avgt",1,10,26.868761,0.696160,"ns/op",farmuo-zah,128
"au.com.acegi.hashbench.HashBench.withDirectBuffer","avgt",1,10,69.356702,2.025116,"ns/op",farmuo-zah,512
"au.com.acegi.hashbench.HashBench.withDirectBuffer","avgt",1,10,243.573499,14.072877,"ns/op",farmuo-zah,2048
"au.com.acegi.hashbench.HashBench.withDirectBuffer","avgt",1,10,932.240643,38.690744,"ns/op",farmuo-zah,8192
"au.com.acegi.hashbench.HashBench.withDirectBuffer","avgt",1,10,1834.342480,58.872500,"ns/op",farmuo-zah,16384
"au.com.acegi.hashbench.HashBench.withDirectBuffer","avgt",1,10,3692.214118,99.481143,"ns/op",farmuo-zah,32768
"au.com.acegi.hashbench.HashBench.withDirectBuffer","avgt",1,10,18.093858,0.799118,"ns/op",xxh64-zah,32
"au.com.acegi.hashbench.HashBench.withDirectBuffer","avgt",1,10,25.307009,0.501879,"ns/op",xxh64-zah,128
"au.com.acegi.hashbench.HashBench.withDirectBuffer","avgt",1,10,55.981312,1.472478,"ns/op",xxh64-zah,512
"au.com.acegi.hashbench.HashBench.withDirectBuffer","avgt",1,10,174.807736,6.067265,"ns/op",xxh64-zah,2048
"au.com.acegi.hashbench.HashBench.withDirectBuffer","avgt",1,10,608.765918,10.384962,"ns/op",xxh64-zah,8192
"au.com.acegi.hashbench.HashBench.withDirectBuffer","avgt",1,10,1208.775997,30.307577,"ns/op",xxh64-zah,16384
"au.com.acegi.hashbench.HashBench.withDirectBuffer","avgt",1,10,2407.927270,96.640585,"ns/op",xxh64-zah,32768
"au.com.acegi.hashbench.HashBench.withDirectBuffer","avgt",1,10,15.424621,0.169836,"ns/op",murmur3h128-zah,32
"au.com.acegi.hashbench.HashBench.withDirectBuffer","avgt",1,10,31.468840,0.384962,"ns/op",murmur3h128-zah,128
"au.com.acegi.hashbench.HashBench.withDirectBuffer","avgt",1,10,99.494060,5.867056,"ns/op",murmur3h128-zah,512
"au.com.acegi.hashbench.HashBench.withDirectBuffer","avgt",1,10,363.424115,12.694390,"ns/op",murmur3h128-zah,2048
"au.com.acegi.hashbench.HashBench.withDirectBuffer","avgt",1,10,1410.516590,3.532913,"ns/op",murmur3h128-zah,8192
"au.com.acegi.hashbench.HashBench.withDirectBuffer","avgt",1,10,2815.122276,124.707825,"ns/op",murmur3h128-zah,16384
"au.com.acegi.hashbench.HashBench.withDirectBuffer","avgt",1,10,5631.585269,65.655037,"ns/op",murmur3h128-zah,32768
